,RMSE,MAE,R2
mean,0.29052221672465445,0.26294915954209763,-14.261885412534482
std,0.2276893553040609,0.21782766485116142,21.001894609385253
